,model_number,sample_type,metric_type,score
0,baseline,train,accuracy,0.6883489637219237
1,baseline,train,precision,0.6883489637219237
2,baseline,train,recall,1.0
3,baseline,train,f1_score,0.8154107693524156
4,baseline,validate,f1_score,0.8152590064117349
5,baseline,validate,accuracy,0.68813268961221
6,baseline,validate,precision,0.68813268961221
7,baseline,validate,recall,1.0
8,1,train,accuracy,0.6969929579815105
9,1,train,precision,0.7141638225255973
10,1,train,recall,0.9333818181818182
11,1,train,f1_score,0.8091885416447742
12,1,validate,f1_score,0.8083644217553504
13,1,validate,accuracy,0.6959975081762966
14,1,validate,precision,0.7138274815778066
15,1,validate,recall,0.9317641733620007
16,2,train,accuracy,0.6969929579815105
17,2,train,precision,0.7141638225255973
18,2,train,recall,0.9333818181818182
19,2,train,f1_score,0.8091885416447742
20,2,validate,f1_score,0.8083644217553504
21,2,validate,accuracy,0.6959975081762966
22,2,validate,precision,0.7138274815778066
23,2,validate,recall,0.9317641733620007
24,3,train,accuracy,0.7011313953876448
25,3,train,precision,0.7098618903754855
26,3,train,recall,0.9569454545454545
27,3,train,f1_score,0.8150901319457349
28,3,validate,f1_score,0.8145832331297195
29,3,validate,accuracy,0.6998131132222395
30,3,validate,precision,0.708382131504099
31,3,validate,recall,0.9582437478782392
32,4,train,accuracy,0.7015986383205954
33,4,train,precision,0.7101590042449097
34,4,train,recall,0.957139393939394
35,4,train,f1_score,0.8153563389298475
36,4,validate,f1_score,0.8145083702135847
37,4,validate,accuracy,0.699735243731506
38,4,validate,precision,0.7083926031294452
39,4,validate,recall,0.9580174267285277
40,5,train,accuracy,0.7019657577679138
41,5,train,precision,0.7101225340472169
42,5,train,recall,0.9581575757575758
43,5,train,f1_score,0.815701490073059
44,5,validate,f1_score,0.8148682438930565
45,5,validate,accuracy,0.7002024606759072
46,5,validate,precision,0.7085040555230371
47,5,validate,recall,0.9588095507525178
48,6,train,accuracy,0.7019657577679138
49,6,train,precision,0.7101225340472169
50,6,train,recall,0.9581575757575758
51,6,train,f1_score,0.815701490073059
52,6,validate,f1_score,0.8148682438930565
53,6,validate,accuracy,0.7002024606759072
54,6,validate,precision,0.7085040555230371
55,6,validate,recall,0.9588095507525178
56,7,train,accuracy,0.7019657577679138
57,7,train,precision,0.7101225340472169
58,7,train,recall,0.9581575757575758
59,7,train,f1_score,0.815701490073059
60,7,validate,f1_score,0.8148682438930565
61,7,validate,accuracy,0.7002024606759072
62,7,validate,precision,0.7085040555230371
63,7,validate,recall,0.9588095507525178
64,8,train,accuracy,0.7019657577679138
65,8,train,precision,0.7101225340472169
66,8,train,recall,0.9581575757575758
67,8,train,f1_score,0.815701490073059
68,8,validate,f1_score,0.8148682438930565
69,8,validate,accuracy,0.7002024606759072
70,8,validate,precision,0.7085040555230371
71,8,validate,recall,0.9588095507525178
72,9,train,accuracy,0.6978606948569903
73,9,train,precision,0.698545055246723
74,9,train,recall,0.9870060606060606
75,9,train,f1_score,0.8180923101653705
76,9,validate,f1_score,0.8174361378017343
77,9,validate,accuracy,0.6966983335928983
78,9,validate,precision,0.6977116338614179
79,9,validate,recall,0.9867602127418807
80,10,train,accuracy,0.6978606948569903
81,10,train,precision,0.698545055246723
82,10,train,recall,0.9870060606060606
83,10,train,f1_score,0.8180923101653705
84,10,validate,f1_score,0.8174361378017343
85,10,validate,accuracy,0.6966983335928983
86,10,validate,precision,0.6977116338614179
87,10,validate,recall,0.9867602127418807
88,11,train,accuracy,0.7028001201481827
89,11,train,precision,0.7092707663738305
90,11,train,recall,0.9629575757575758
91,11,train,f1_score,0.8168712854998251
92,11,validate,f1_score,0.8158020903250552
93,11,validate,accuracy,0.7008254166017754
94,11,validate,precision,0.7077614175193412
95,11,validate,recall,0.9627701708724681
96,12,train,accuracy,0.7033674865667657
97,12,train,precision,0.7092679099953643
98,12,train,recall,0.9643636363636363
99,12,train,f1_score,0.8173748664420153
100,12,validate,f1_score,0.8162131084706785
101,12,validate,accuracy,0.7012926335461767
102,12,validate,precision,0.7077690070627337
103,12,validate,recall,0.9639017766210253
104,13,train,accuracy,0.7039682274805593
105,13,train,precision,0.7099032177422235
106,13,train,recall,0.9637818181818182
107,13,train,f1_score,0.8175872989758566
108,13,validate,f1_score,0.8161465075027565
109,13,validate,accuracy,0.7013705030369102
110,13,validate,precision,0.7080352686740975
111,13,validate,recall,0.963222813171891
112,14,train,accuracy,0.7040349764709809
113,14,train,precision,0.7095049716668449
114,14,train,recall,0.9652363636363637
115,14,train,f1_score,0.817845698792211
116,14,validate,f1_score,0.8164320597529446
117,14,validate,accuracy,0.7014483725276437
118,14,validate,precision,0.7076105900904639
119,14,validate,recall,0.964807061219871
120,15,train,accuracy,0.7040349764709809
121,15,train,precision,0.7095049716668449
122,15,train,recall,0.9652363636363637
123,15,train,f1_score,0.817845698792211
124,15,validate,f1_score,0.8164320597529446
125,15,validate,accuracy,0.7014483725276437
126,15,validate,precision,0.7076105900904639
127,15,validate,recall,0.964807061219871
128,16,train,accuracy,0.7043353469278777
129,16,train,precision,0.7095981188542112
130,16,train,recall,0.9656727272727272
131,16,train,f1_score,0.8180641981393628
132,16,validate,f1_score,0.8165453849099962
133,16,validate,accuracy,0.7016041115091107
134,16,validate,precision,0.7076591154261057
135,16,validate,recall,0.9650333823695825
136,17,train,accuracy,0.7033341120715549
137,17,train,precision,0.702638303750259
138,17,train,recall,0.9865212121212121
139,17,train,f1_score,0.8207248452090435
140,17,validate,f1_score,0.8200884040252046
141,17,validate,accuracy,0.702071328453512
142,17,validate,precision,0.7015850028159949
143,17,validate,recall,0.9867602127418807
144,18,train,accuracy,0.697894069352201
145,18,train,precision,0.6984600610488048
146,18,train,recall,0.9873939393939394
147,18,train,f1_score,0.8181672090313769
148,18,validate,f1_score,0.8174491612782306
149,18,validate,accuracy,0.6966204641021648
150,18,validate,precision,0.697560975609756
151,18,validate,recall,0.9870996944664479
152,19,train,accuracy,0.7027333711577612
153,19,train,precision,0.7087430525865754
154,19,train,recall,0.9645090909090909
155,19,train,f1_score,0.8170784301645001
156,19,validate,f1_score,0.8172722485518694
157,19,validate,accuracy,0.7027721538701137
158,19,validate,precision,0.7082641885164288
159,19,validate,recall,0.9659386669684282
160,20,train,accuracy,0.7036344825284517
161,20,train,precision,0.7087703082228305
162,20,train,recall,0.9666424242424242
163,20,train,f1_score,0.817861098576527
164,20,validate,f1_score,0.8171395815419892
165,20,validate,accuracy,0.7019155894720448
166,20,validate,precision,0.7070348020170291
167,20,validate,recall,0.9678623967409754
168,21,train,accuracy,0.70443547041351
169,21,train,precision,0.7092564275808115
170,21,train,recall,0.967030303030303
171,21,train,f1_score,0.8183235547532106
172,21,validate,f1_score,0.8174170729375777
173,21,validate,accuracy,0.702538545397913
174,21,validate,precision,0.7075713694662805
175,21,validate,recall,0.967636075591264
176,22,train,accuracy,0.7047024663751961
177,22,train,precision,0.708997338065661
178,22,train,recall,0.9685333333333334
179,22,train,f1_score,0.8186885245901638
180,22,validate,f1_score,0.8174353098443616
181,22,validate,accuracy,0.702227067434979
182,22,validate,precision,0.7069947972582377
183,22,validate,recall,0.9687676813398212
184,23,train,accuracy,0.7051697093081467
185,23,train,precision,0.7090528704655863
186,23,train,recall,0.9695030303030303
187,23,train,f1_score,0.8190718060049973
188,23,validate,f1_score,0.8179953246505414
189,23,validate,accuracy,0.7029278928515807
190,23,validate,precision,0.7071098647311118
191,23,validate,recall,0.9701256082380898
192,24,train,accuracy,0.7052364582985682
193,24,train,precision,0.7089697699968104
194,24,train,recall,0.969939393939394
195,24,train,f1_score,0.8191720240776381
196,24,validate,f1_score,0.8178392559026949
197,24,validate,accuracy,0.7026164148886467
198,24,validate,precision,0.7068766490765171
199,24,validate,recall,0.9701256082380898
200,25,train,accuracy,0.7033341120715549
201,25,train,precision,0.702638303750259
202,25,train,recall,0.9865212121212121
203,25,train,f1_score,0.8207248452090435
204,25,validate,f1_score,0.8200884040252046
205,25,validate,accuracy,0.702071328453512
206,25,validate,precision,0.7015850028159949
207,25,validate,recall,0.9867602127418807
208,26,train,accuracy,0.7034342355571872
209,26,train,precision,0.7057091788455473
210,26,train,recall,0.9762909090909091
211,26,train,f1_score,0.8192359331136336
212,26,validate,f1_score,0.8186390813324476
213,26,validate,accuracy,0.702382806416446
214,26,validate,precision,0.7049113344774046
215,26,validate,recall,0.976123118705443
216,27,train,accuracy,0.7059706971932049
217,27,train,precision,0.7118218652515329
218,27,train,recall,0.9625212121212121
219,27,train,f1_score,0.8184029352351898
220,27,validate,f1_score,0.8172859683699466
221,27,validate,accuracy,0.7040180657218502
222,27,validate,precision,0.7104295503927796
223,27,validate,recall,0.961978046848478
224,28,train,accuracy,0.7038013550045056
225,28,train,precision,0.7083185589674491
226,28,train,recall,0.9685333333333334
227,28,train,f1_score,0.818235812153112
228,28,validate,f1_score,0.8175920625834764
229,28,validate,accuracy,0.702227067434979
230,28,validate,precision,0.7066875566916797
231,28,validate,recall,0.9697861265135227
232,29,train,accuracy,0.7043019724326669
233,29,train,precision,0.7094087074151864
234,29,train,recall,0.9662060606060606
235,29,train,f1_score,0.8181295672879547
236,29,validate,f1_score,0.8172125268945734
237,29,validate,accuracy,0.7023049369257125
238,29,validate,precision,0.7075674780592813
239,29,validate,recall,0.9670702727169854
240,30,train,accuracy,0.7056369522410973
241,30,train,precision,0.7093753325529424
242,30,train,recall,0.9696
243,30,train,f1_score,0.8193215339233039
244,30,validate,f1_score,0.8174569068423816
245,30,validate,accuracy,0.7023049369257125
246,30,validate,precision,0.7070873946803238
247,30,validate,recall,0.9686545207649655
248,31,train,accuracy,0.7083736608483797
249,31,train,precision,0.7111592709702632
250,31,train,recall,0.9705212121212121
251,31,train,f1_score,0.8208398261297466
252,31,validate,f1_score,0.8160666411336652
253,31,validate,accuracy,0.7008254166017754
254,31,validate,precision,0.707244212098581
255,31,validate,recall,0.9644675794953038
256,32,train,accuracy,0.7091746487334379
257,32,train,precision,0.7145275746550916
258,32,train,recall,0.9617454545454546
259,32,train,f1_score,0.8199065845492498
260,32,validate,f1_score,0.8144970841968288
261,32,validate,accuracy,0.7002803301666407
262,32,validate,precision,0.7093687038280725
263,32,validate,recall,0.9562068575308362
264,33,train,accuracy,0.7033341120715549
265,33,train,precision,0.7026243093922652
266,33,train,recall,0.986569696969697
267,33,train,f1_score,0.8207320762327317
268,33,validate,f1_score,0.8200498424789581
269,33,validate,accuracy,0.7019934589627784
270,33,validate,precision,0.7015285599356396
271,33,validate,recall,0.9867602127418807
272,34,train,accuracy,0.703467610052398
273,34,train,precision,0.7077581935301196
274,34,train,recall,0.9695515151515152
275,34,train,f1_score,0.8182245954295301
276,34,validate,f1_score,0.8167024576473395
277,34,validate,accuracy,0.700903286092509
278,34,validate,precision,0.7061396270011553
279,34,validate,recall,0.9683150390403983
280,35,train,accuracy,0.7061375696692588
281,35,train,precision,0.7117368873602752
282,35,train,recall,0.9632
283,35,train,f1_score,0.8185920019778725
284,35,validate,f1_score,0.8175049238603065
285,35,validate,accuracy,0.7041738047033173
286,35,validate,precision,0.7102671118530884
287,35,validate,recall,0.9628833314473237
288,36,train,accuracy,0.7066381870974201
289,36,train,precision,0.7106696571611663
290,36,train,recall,0.9678545454545454
291,36,train,f1_score,0.8195590589974134
292,36,validate,f1_score,0.8191077320327069
293,36,validate,accuracy,0.7054197165550538
294,36,validate,precision,0.7092580324610799
295,36,validate,recall,0.969220323639244
296,37,train,accuracy,0.7072389280112138
297,37,train,precision,0.7111253606925296
298,37,train,recall,0.9678545454545454
299,37,train,f1_score,0.8198620009857072
300,37,validate,f1_score,0.8191387559808612
301,37,validate,accuracy,0.7056533250272543
302,37,validate,precision,0.7096078919008538
303,37,validate,recall,0.9686545207649655
304,38,train,accuracy,0.7083402863531689
305,38,train,precision,0.7129496918446324
306,38,train,recall,0.9647030303030303
307,38,train,f1_score,0.8199369501164158
308,38,validate,f1_score,0.816740342110321
309,38,validate,accuracy,0.7030057623423143
310,38,validate,precision,0.7097286012526096
311,38,validate,recall,0.9617517256987665
312,39,train,accuracy,0.7100757601041284
313,39,train,precision,0.7130568246716162
314,39,train,recall,0.9685818181818182
315,39,train,f1_score,0.8214058099134475
316,39,validate,f1_score,0.8157667593747003
317,39,validate,accuracy,0.7008254166017754
318,39,validate,precision,0.7078305733544146
319,39,validate,recall,0.9625438497227566
320,40,train,accuracy,0.7096752661615993
321,40,train,precision,0.7134674590105248
322,40,train,recall,0.9663030303030303
323,40,train,f1_score,0.8208571016701333
324,40,validate,f1_score,0.8152670287939241
325,40,validate,accuracy,0.7007475471110419
326,40,validate,precision,0.7086745779709176
327,40,validate,recall,0.9596016747765078
328,41,train,accuracy,0.7033341120715549
329,41,train,precision,0.7026243093922652
330,41,train,recall,0.986569696969697
331,41,train,f1_score,0.8207320762327317
332,41,validate,f1_score,0.8200498424789581
333,41,validate,accuracy,0.7019934589627784
334,41,validate,precision,0.7015285599356396
335,41,validate,recall,0.9867602127418807
336,42,train,accuracy,0.7048025898608283
337,42,train,precision,0.7060016787912703
338,42,train,recall,0.9787151515151515
339,42,train,f1_score,0.8202856736493488
340,42,validate,f1_score,0.8192588380248318
341,42,validate,accuracy,0.7030057623423143
342,42,validate,precision,0.7047696697920913
343,42,validate,recall,0.978160009052846
344,43,train,accuracy,0.7081734138771151
345,43,train,precision,0.7133417130544083
346,43,train,recall,0.9630545454545455
347,43,train,f1_score,0.8195997524241799
348,43,validate,f1_score,0.8187066974595842
349,43,validate,accuracy,0.7065877589160567
350,43,validate,precision,0.7121453084456348
351,43,validate,recall,0.9627701708724681
352,44,train,accuracy,0.7067383105830525
353,44,train,precision,0.709447983014862
354,44,train,recall,0.9720727272727273
355,44,train,f1_score,0.8202516109235963
356,44,validate,f1_score,0.820268597009239
357,44,validate,accuracy,0.7061205419716555
358,44,validate,precision,0.7081654469204836
359,44,validate,recall,0.9745388706574629
360,45,train,accuracy,0.7087741547909088
361,45,train,precision,0.7128394090079777
362,45,train,recall,0.9661090909090909
363,45,train,f1_score,0.8203713615216764
364,45,validate,f1_score,0.8196249580355858
365,45,validate,accuracy,0.7071328453511914
366,45,validate,precision,0.7112535375395372
367,45,validate,recall,0.9669571121421296
368,46,train,accuracy,0.7108433734939759
369,46,train,precision,0.7156300703082747
370,46,train,recall,0.9623272727272727
371,46,train,f1_score,0.8208436724565756
372,46,validate,f1_score,0.8184971098265897
373,46,validate,accuracy,0.7065877589160567
374,46,validate,precision,0.7125723391763817
375,46,validate,recall,0.9614122439741994
376,47,train,accuracy,0.7132463371491506
377,47,train,precision,0.7194921746744007
378,47,train,recall,0.9562181818181819
379,47,train,f1_score,0.8211341493879589
380,47,validate,f1_score,0.8147788512890227
381,47,validate,accuracy,0.7029278928515807
382,47,validate,precision,0.7135204081632653
383,47,validate,recall,0.9495303836143487
384,48,train,accuracy,0.7135800821012582
385,48,train,precision,0.7166552729104451
386,48,train,recall,0.9657212121212121
387,48,train,f1_score,0.8227518691395761
388,48,validate,f1_score,0.8168674698795181
389,48,validate,accuracy,0.7040959352125837
390,48,validate,precision,0.7114077058675397
391,48,validate,recall,0.9590358719022293
392,49,train,accuracy,0.7033341120715549
393,49,train,precision,0.7026243093922652
394,49,train,recall,0.986569696969697
395,49,train,f1_score,0.8207320762327317
396,49,validate,f1_score,0.8200498424789581
397,49,validate,accuracy,0.7019934589627784
398,49,validate,precision,0.7015285599356396
399,49,validate,recall,0.9867602127418807
400,50,train,accuracy,0.7045022194039315
401,50,train,precision,0.7061687743020282
402,50,train,recall,0.9774060606060606
403,50,train,f1_score,0.819938176197836
404,50,validate,f1_score,0.8191993929045721
405,50,validate,accuracy,0.7031615013237813
406,50,validate,precision,0.7051522821915571
407,50,validate,recall,0.9772547244540002
408,51,train,accuracy,0.7081066648866936
409,51,train,precision,0.7127251889258981
410,51,train,recall,0.9648484848484848
411,51,train,f1_score,0.8198409755695629
412,51,validate,f1_score,0.8185224325103276
413,51,validate,accuracy,0.7058090640087213
414,51,validate,precision,0.7111259494199149
415,51,validate,recall,0.9641280977707367
416,52,train,accuracy,0.7097753896472316
417,52,train,precision,0.7099510718434299
418,52,train,recall,0.9778909090909091
419,52,train,f1_score,0.822653668882816
420,52,validate,f1_score,0.821017593913457
421,52,validate,accuracy,0.7068992368789908
422,52,validate,precision,0.708029197080292
423,52,validate,recall,0.9769152427294331
424,53,train,accuracy,0.7112104929412942
425,53,train,precision,0.7121792145186445
426,53,train,recall,0.9741575757575758
427,53,train,f1_score,0.8228187644613715
428,53,validate,f1_score,0.8202311586588977
429,53,validate,accuracy,0.7068992368789908
430,53,validate,precision,0.7096107759689282
431,53,validate,recall,0.97170985628607
432,54,train,accuracy,0.7135133331108366
433,54,train,precision,0.7189511583081791
434,54,train,recall,0.9584969696969697
435,54,train,f1_score,0.8216200490420184
436,54,validate,f1_score,0.817533821461475
437,54,validate,accuracy,0.7069771063697243
438,54,validate,precision,0.7152553877481758
439,54,validate,recall,0.9539436460337218
440,55,train,accuracy,0.7157827987851684
441,55,train,precision,0.7190247078826466
442,55,train,recall,0.9636848484848485
443,55,train,f1_score,0.8235684097124388
444,55,validate,f1_score,0.8185025859152207
445,55,validate,accuracy,0.7076000622955926
446,55,validate,precision,0.7143941950725616
447,55,validate,recall,0.9581305873033835
448,56,train,accuracy,0.7172512765744418
449,56,train,precision,0.7210681413031615
450,56,train,recall,0.9609696969696969
451,56,train,f1_score,0.823910874625873
452,56,validate,f1_score,0.8175911559348331
453,56,validate,accuracy,0.7070549758604578
454,56,validate,precision,0.715279545261729
455,56,validate,recall,0.9540568066085776
456,57,train,accuracy,0.7033341120715549
457,57,train,precision,0.7026243093922652
458,57,train,recall,0.986569696969697
459,57,train,f1_score,0.8207320762327317
460,57,validate,f1_score,0.8200498424789581
461,57,validate,accuracy,0.7019934589627784
462,57,validate,precision,0.7015285599356396
463,57,validate,recall,0.9867602127418807
464,58,train,accuracy,0.7046023428895638
465,58,train,precision,0.706199649737303
466,58,train,recall,0.9775515151515152
467,58,train,f1_score,0.8200101677681749
468,58,validate,f1_score,0.8191433856661766
469,58,validate,accuracy,0.7030836318330478
470,58,validate,precision,0.7051282051282052
471,58,validate,recall,0.9771415638791445
472,59,train,accuracy,0.7105096285418683
473,59,train,precision,0.7166841933495304
474,59,train,recall,0.9582545454545455
475,59,train,f1_score,0.8200489606240405
476,59,validate,f1_score,0.8188107794281291
477,59,validate,accuracy,0.7083787572029279
478,59,validate,precision,0.7151791751183232
479,59,validate,recall,0.9575647844291049
480,60,train,accuracy,0.712078229816774
481,60,train,precision,0.7129268119542841
482,60,train,recall,0.9738666666666667
483,60,train,f1_score,0.8232135904424271
484,60,validate,f1_score,0.8219060351413293
485,60,validate,accuracy,0.7095467995639309
486,60,validate,precision,0.7109110431981498
487,60,validate,recall,0.9739730677831844
488,61,train,accuracy,0.7144478189767379
489,61,train,precision,0.715648786763392
490,61,train,recall,0.9709575757575758
491,61,train,f1_score,0.8239795918367349
492,61,validate,f1_score,0.8201093735009116
493,61,validate,accuracy,0.7079894097492603
494,61,validate,precision,0.7117994837205429
495,61,validate,recall,0.9672965938666969
496,62,train,accuracy,0.7166505356606482
497,62,train,precision,0.7196380090497737
498,62,train,recall,0.9638787878787879
499,62,train,f1_score,0.824041450777202
500,62,validate,f1_score,0.820024183796856
501,62,validate,accuracy,0.7102476249805326
502,62,validate,precision,0.716083797938841
503,62,validate,recall,0.9592621930519407
504,63,train,accuracy,0.7172179020792311
505,63,train,precision,0.7195086705202313
506,63,train,recall,0.9656242424242424
507,63,train,f1_score,0.8245937273574164
508,63,validate,f1_score,0.8170590505596295
509,63,validate,accuracy,0.704718891138452
510,63,validate,precision,0.7121352283239425
511,63,validate,recall,0.9582437478782392
512,64,train,accuracy,0.7199879851817241
513,64,train,precision,0.7202837492348133
514,64,train,recall,0.9698424242424243
515,64,train,f1_score,0.8266385651706752
516,64,validate,f1_score,0.8184138296335532
517,64,validate,accuracy,0.7063541504438561
518,64,validate,precision,0.7123218776194468
519,64,validate,recall,0.9616385651239109
520,65,train,accuracy,0.7033341120715549
521,65,train,precision,0.7026243093922652
522,65,train,recall,0.986569696969697
523,65,train,f1_score,0.8207320762327317
524,65,validate,f1_score,0.8200498424789581
525,65,validate,accuracy,0.7019934589627784
526,65,validate,precision,0.7015285599356396
527,65,validate,recall,0.9867602127418807
528,66,train,accuracy,0.7048693388512499
529,66,train,precision,0.7056195462478185
530,66,train,recall,0.980169696969697
531,66,train,f1_score,0.8205377980720446
532,66,validate,f1_score,0.8186636380844218
533,66,validate,accuracy,0.7016041115091107
534,66,validate,precision,0.7035380235868239
535,66,validate,recall,0.9788389725019803
536,67,train,accuracy,0.7105096285418683
537,67,train,precision,0.7166841933495304
538,67,train,recall,0.9582545454545455
539,67,train,f1_score,0.8200489606240405
540,67,validate,f1_score,0.8188107794281291
541,67,validate,accuracy,0.7083787572029279
542,67,validate,precision,0.7151791751183232
543,67,validate,recall,0.9575647844291049
544,68,train,accuracy,0.7125454727497247
545,68,train,precision,0.71328125
546,68,train,recall,0.9738666666666667
547,68,train,f1_score,0.8234498308906426
548,68,validate,f1_score,0.821911266058551
549,68,validate,accuracy,0.7096246690546644
550,68,validate,precision,0.7110394976037019
551,68,validate,recall,0.9737467466334729
552,69,train,accuracy,0.7146146914527918
553,69,train,precision,0.7156379482783255
554,69,train,recall,0.9713939393939394
555,69,train,f1_score,0.824129491372041
556,69,validate,f1_score,0.8201880637113798
557,69,validate,accuracy,0.7081451487307273
558,69,validate,precision,0.7119180478054469
559,69,validate,recall,0.9672965938666969
560,70,train,accuracy,0.7166839101558589
561,70,train,precision,0.7194575045207957
562,70,train,recall,0.9645090909090909
563,70,train,f1_score,0.8241532884515795
564,70,validate,f1_score,0.8196610496837429
565,70,validate,accuracy,0.7091574521102632
566,70,validate,precision,0.7148391443489978
567,70,validate,recall,0.9605069593753536
568,71,train,accuracy,0.719320495277509
569,71,train,precision,0.7205590263984688
570,71,train,recall,0.9674181818181818
571,71,train,f1_score,0.8259375776140409
572,71,validate,f1_score,0.8198763762796987
573,71,validate,accuracy,0.7095467995639309
574,71,validate,precision,0.715104035043383
575,71,validate,recall,0.9606201199502094
576,72,train,accuracy,0.7224910723225311
577,72,train,precision,0.723801905315977
578,72,train,recall,0.965139393939394
579,72,train,f1_score,0.8272279593575332
580,72,validate,f1_score,0.819136071203986
581,72,validate,accuracy,0.7088459741473291
582,72,validate,precision,0.7153599188915174
583,72,validate,recall,0.9581305873033835
584,73,train,accuracy,0.7033341120715549
585,73,train,precision,0.7026243093922652
586,73,train,recall,0.986569696969697
587,73,train,f1_score,0.8207320762327317
588,73,validate,f1_score,0.8200498424789581
589,73,validate,accuracy,0.7019934589627784
590,73,validate,precision,0.7015285599356396
591,73,validate,recall,0.9867602127418807
592,74,train,accuracy,0.7048693388512499
593,74,train,precision,0.7056195462478185
594,74,train,recall,0.980169696969697
595,74,train,f1_score,0.8205377980720446
596,74,validate,f1_score,0.8187195381630625
597,74,validate,accuracy,0.7016819809998442
598,74,validate,precision,0.7035621340273259
599,74,validate,recall,0.978952133076836
600,75,train,accuracy,0.7100757601041284
601,75,train,precision,0.7166920787047121
602,75,train,recall,0.9571878787878788
603,75,train,f1_score,0.8196632828880447
604,75,validate,f1_score,0.8188244407862884
605,75,validate,accuracy,0.7086123656751285
606,75,validate,precision,0.7155792502327156
607,75,validate,recall,0.9568858209799705
608,76,train,accuracy,0.7130127156826753
609,76,train,precision,0.7132269503546099
610,76,train,recall,0.9751757575757576
611,76,train,f1_score,0.8238812083973374
612,76,validate,f1_score,0.8223112892451571
613,76,validate,accuracy,0.7100140165083321
614,76,validate,precision,0.7109149410114677
615,76,validate,recall,0.9751046735317416
616,77,train,accuracy,0.7140139505389981
617,77,train,precision,0.713652796484015
618,77,train,recall,0.9762424242424242
619,77,train,f1_score,0.8245459571244292
620,77,validate,f1_score,0.8209211404596167
621,77,validate,accuracy,0.7075221928048591
622,77,validate,precision,0.7093186125072094
623,77,validate,recall,0.9741993889328958
624,78,train,accuracy,0.7187531288589261
625,78,train,precision,0.719562243502052
626,78,train,recall,0.9691151515151515
627,78,train,f1_score,0.8258992211226576
628,78,validate,f1_score,0.8215799614643545
629,78,validate,accuracy,0.7115714063230026
630,78,validate,precision,0.715256227459532
631,78,validate,recall,0.9650333823695825
632,79,train,accuracy,0.721256215999733
633,79,train,precision,0.722119665544576
634,79,train,recall,0.9672727272727273
635,79,train,f1_score,0.8269087291718478
636,79,validate,f1_score,0.8201626961069146
637,79,validate,accuracy,0.7107927114156674
638,79,validate,precision,0.7168006771053745
639,79,validate,recall,0.958356908453095
640,80,train,accuracy,0.7233254347028001
641,80,train,precision,0.7245912384836678
642,80,train,recall,0.9647515151515151
643,80,train,f1_score,0.8276005490163457
644,80,validate,f1_score,0.8186879690147665
645,80,validate,accuracy,0.7083787572029279
646,80,validate,precision,0.7154340836012861
647,80,validate,recall,0.9567726604051149
648,81,train,accuracy,0.7033341120715549
649,81,train,precision,0.7026243093922652
650,81,train,recall,0.986569696969697
651,81,train,f1_score,0.8207320762327317
652,81,validate,f1_score,0.8200498424789581
653,81,validate,accuracy,0.7019934589627784
654,81,validate,precision,0.7015285599356396
655,81,validate,recall,0.9867602127418807
656,82,train,accuracy,0.7049027133464606
657,82,train,precision,0.7056441760619917
658,82,train,recall,0.980169696969697
659,82,train,f1_score,0.8205544506230465
660,82,validate,f1_score,0.8187798759998106
661,82,validate,accuracy,0.7018377199813113
662,82,validate,precision,0.7037097299056296
663,82,validate,recall,0.9788389725019803
664,83,train,accuracy,0.7102092580849715
665,83,train,precision,0.7167332123411978
666,83,train,recall,0.9573818181818182
667,83,train,f1_score,0.8197612869745718
668,83,validate,f1_score,0.8187451587916343
669,83,validate,accuracy,0.7084566266936614
670,83,validate,precision,0.7154581605888823
671,83,validate,recall,0.9568858209799705
672,84,train,accuracy,0.7129793411874645
673,84,train,precision,0.7131563087176942
674,84,train,recall,0.9753212121212121
675,84,train,f1_score,0.8238859764089121
676,84,validate,f1_score,0.8221819223060036
677,84,validate,accuracy,0.7098582775268649
678,84,validate,precision,0.7109020384583643
679,84,validate,recall,0.9747651918071744
680,85,train,accuracy,0.7156826752995361
681,85,train,precision,0.715777841152146
682,85,train,recall,0.9735272727272727
683,85,train,f1_score,0.8249892146188138
684,85,validate,f1_score,0.8211343169189499
685,85,validate,accuracy,0.7092353216009968
686,85,validate,precision,0.7119362073261899
687,85,validate,recall,0.9698992870883784
688,86,train,accuracy,0.7194873677535627
689,86,train,precision,0.7200216060496939
690,86,train,recall,0.9694545454545455
691,86,train,f1_score,0.8263250335778489
692,86,validate,f1_score,0.8217726396917148
693,86,validate,accuracy,0.7118828842859368
694,86,validate,precision,0.7154239704772288
695,86,validate,recall,0.9652597035192939
696,87,train,accuracy,0.7227246937890064
697,87,train,precision,0.7221761246798225
698,87,train,recall,0.970569696969697
699,87,train,f1_score,0.8281482707264604
700,87,validate,f1_score,0.8211299598859407
701,87,validate,accuracy,0.7118050147952032
702,87,validate,precision,0.7166357347730724
703,87,validate,recall,0.9612990833993437
704,88,train,accuracy,0.7238260521309615
705,88,train,precision,0.72378053199971
706,88,train,recall,0.9683393939393939
707,88,train,f1_score,0.8283871502934528
708,88,validate,f1_score,0.8188451316743174
709,88,validate,accuracy,0.7080672792399938
710,88,validate,precision,0.7145387080452016
711,88,validate,recall,0.9588095507525178
712,89,train,accuracy,0.6974935754096719
713,89,train,precision,0.698335906673529
714,89,train,recall,0.9868121212121213
715,89,train,f1_score,0.8178822583885876
716,89,validate,f1_score,0.8176448528033002
717,89,validate,accuracy,0.6970876810465659
718,89,validate,precision,0.6979591836734694
719,89,validate,recall,0.9868733733167364
720,90,train,accuracy,0.6969929579815105
721,90,train,precision,0.7141638225255973
722,90,train,recall,0.9333818181818182
723,90,train,f1_score,0.8091885416447742
724,90,validate,f1_score,0.8083644217553504
725,90,validate,accuracy,0.6959975081762966
726,90,validate,precision,0.7138274815778066
727,90,validate,recall,0.9317641733620007
728,91,train,accuracy,0.7000967860361113
729,91,train,precision,0.7081589584004007
730,91,train,recall,0.9599030303030303
731,91,train,f1_score,0.8150343748713514
732,91,validate,f1_score,0.815027793751198
733,91,validate,accuracy,0.6994237657685719
734,91,validate,precision,0.7068406616241376
735,91,validate,recall,0.9623175285730452
736,92,train,accuracy,0.7016653873110169
737,92,train,precision,0.7098326510091216
738,92,train,recall,0.9583515151515152
739,92,train,f1_score,0.8155804501660786
740,92,validate,f1_score,0.8149963950973322
741,92,validate,accuracy,0.7002803301666407
742,92,validate,precision,0.7083890374331551
743,92,validate,recall,0.9593753536267964
744,93,train,accuracy,0.701932383272703
745,93,train,precision,0.710097017606899
746,93,train,recall,0.9581575757575758
747,93,train,f1_score,0.8156846558662677
748,93,validate,f1_score,0.8148682438930565
749,93,validate,accuracy,0.7002024606759072
750,93,validate,precision,0.7085040555230371
751,93,validate,recall,0.9588095507525178
752,94,train,accuracy,0.701932383272703
753,94,train,precision,0.710097017606899
754,94,train,recall,0.9581575757575758
755,94,train,f1_score,0.8156846558662677
756,94,validate,f1_score,0.8148682438930565
757,94,validate,accuracy,0.7002024606759072
758,94,validate,precision,0.7085040555230371
759,94,validate,recall,0.9588095507525178
760,95,train,accuracy,0.701932383272703
761,95,train,precision,0.710097017606899
762,95,train,recall,0.9581575757575758
763,95,train,f1_score,0.8156846558662677
764,95,validate,f1_score,0.8148682438930565
765,95,validate,accuracy,0.7002024606759072
766,95,validate,precision,0.7085040555230371
767,95,validate,recall,0.9588095507525178
768,96,train,accuracy,0.701932383272703
769,96,train,precision,0.710097017606899
770,96,train,recall,0.9581575757575758
771,96,train,f1_score,0.8156846558662677
772,96,validate,f1_score,0.8148682438930565
773,96,validate,accuracy,0.7002024606759072
774,96,validate,precision,0.7085040555230371
775,96,validate,recall,0.9588095507525178
776,97,train,accuracy,0.701932383272703
777,97,train,precision,0.710097017606899
778,97,train,recall,0.9581575757575758
779,97,train,f1_score,0.8156846558662677
780,97,validate,f1_score,0.8148682438930565
781,97,validate,accuracy,0.7002024606759072
782,97,validate,precision,0.7085040555230371
783,97,validate,recall,0.9588095507525178
784,98,train,accuracy,0.7033341120715549
785,98,train,precision,0.702638303750259
786,98,train,recall,0.9865212121212121
787,98,train,f1_score,0.8207248452090435
788,98,validate,f1_score,0.8200884040252046
789,98,validate,accuracy,0.702071328453512
790,98,validate,precision,0.7015850028159949
791,98,validate,recall,0.9867602127418807
792,99,train,accuracy,0.7033341120715549
793,99,train,precision,0.702638303750259
794,99,train,recall,0.9865212121212121
795,99,train,f1_score,0.8207248452090435
796,99,validate,f1_score,0.8200884040252046
797,99,validate,accuracy,0.702071328453512
798,99,validate,precision,0.7015850028159949
799,99,validate,recall,0.9867602127418807
800,100,train,accuracy,0.701932383272703
801,100,train,precision,0.7080190693041127
802,100,train,recall,0.9648969696969697
803,100,train,f1_score,0.8167360925861327
804,100,validate,f1_score,0.8160611854684512
805,100,validate,accuracy,0.7003581996573742
806,100,validate,precision,0.7064470744020525
807,100,validate,recall,0.9659386669684282
808,101,train,accuracy,0.7029669926242366
809,101,train,precision,0.7083703572063267
810,101,train,recall,0.9663030303030303
811,101,train,f1_score,0.8174733388022971
812,101,validate,f1_score,0.8172176571756162
813,101,validate,accuracy,0.702071328453512
814,101,validate,precision,0.7071517155849525
815,101,validate,recall,0.9678623967409754
816,102,train,accuracy,0.7037012315188733
817,102,train,precision,0.7091329891401104
818,102,train,recall,0.9656242424242424
819,102,train,f1_score,0.8177376308766167
820,102,validate,f1_score,0.8167464114832534
821,102,validate,accuracy,0.7017598504905778
822,102,validate,precision,0.7075354389455359
823,102,validate,recall,0.9658255063935725
824,103,train,accuracy,0.7042018489470346
825,103,train,precision,0.7099907162750839
826,103,train,recall,0.9640727272727273
827,103,train,f1_score,0.8177499948592462
828,103,validate,f1_score,0.8163030448333733
829,103,validate,accuracy,0.7016819809998442
830,103,validate,precision,0.7082709269429189
831,103,validate,recall,0.963222813171891
832,104,train,accuracy,0.7042018489470346
833,104,train,precision,0.7099907162750839
834,104,train,recall,0.9640727272727273
835,104,train,f1_score,0.8177499948592462
836,104,validate,f1_score,0.8163030448333733
837,104,validate,accuracy,0.7016819809998442
838,104,validate,precision,0.7082709269429189
839,104,validate,recall,0.963222813171891
840,105,train,accuracy,0.7042685979374562
841,105,train,precision,0.7095923603192702
842,105,train,recall,0.9655272727272727
843,105,train,f1_score,0.8180081743309577
844,105,validate,f1_score,0.8165884493822432
845,105,validate,accuracy,0.7017598504905778
846,105,validate,precision,0.7078455790784558
847,105,validate,recall,0.964807061219871
848,106,train,accuracy,0.7042685979374562
849,106,train,precision,0.7095923603192702
850,106,train,recall,0.9655272727272727
851,106,train,f1_score,0.8180081743309577
852,106,validate,f1_score,0.8165884493822432
853,106,validate,accuracy,0.7017598504905778
854,106,validate,precision,0.7078455790784558
855,106,validate,recall,0.964807061219871
856,107,train,accuracy,0.7033341120715549
857,107,train,precision,0.702638303750259
858,107,train,recall,0.9865212121212121
859,107,train,f1_score,0.8207248452090435
860,107,validate,f1_score,0.8200884040252046
861,107,validate,accuracy,0.702071328453512
862,107,validate,precision,0.7015850028159949
863,107,validate,recall,0.9867602127418807
864,108,train,accuracy,0.7033341120715549
865,108,train,precision,0.702638303750259
866,108,train,recall,0.9865212121212121
867,108,train,f1_score,0.8207248452090435
868,108,validate,f1_score,0.8200884040252046
869,108,validate,accuracy,0.702071328453512
870,108,validate,precision,0.7015850028159949
871,108,validate,recall,0.9867602127418807
872,109,train,accuracy,0.7040016019757701
873,109,train,precision,0.7038424191982244
874,109,train,recall,0.9840484848484848
875,109,train,f1_score,0.8206870059238591
876,109,validate,f1_score,0.8197973132217772
877,109,validate,accuracy,0.7023049369257125
878,109,validate,precision,0.7025367587655518
879,109,validate,recall,0.9840443589453435
880,110,train,accuracy,0.7060374461836265
881,110,train,precision,0.7095881664360967
882,110,train,recall,0.9698909090909091
883,110,train,f1_score,0.8195673549655852
884,110,validate,f1_score,0.8182643167598033
885,110,validate,accuracy,0.703706587758916
886,110,validate,precision,0.7079338842975207
887,110,validate,recall,0.9693334842140998
888,111,train,accuracy,0.7071721790207923
889,111,train,precision,0.7111800135428917
890,111,train,recall,0.9675151515151516
891,111,train,f1_score,0.8197765179525102
892,111,validate,f1_score,0.8178246286535696
893,111,validate,accuracy,0.7039401962311167
894,111,validate,precision,0.7092163217817669
895,111,validate,recall,0.9657123458187168
896,112,train,accuracy,0.7072389280112138
897,112,train,precision,0.7106301311440452
898,112,train,recall,0.9694545454545455
899,112,train,f1_score,0.8201058201058201
900,112,validate,f1_score,0.817620892524035
901,112,validate,accuracy,0.7030836318330478
902,112,validate,precision,0.7081193040596521
903,112,validate,recall,0.9671834332918411
904,113,train,accuracy,0.7074391749824784
905,113,train,precision,0.7107816999040205
906,113,train,recall,0.9694545454545455
907,113,train,f1_score,0.8202067437853803
908,113,validate,f1_score,0.8177207922686824
909,113,validate,accuracy,0.7033172403052484
910,113,validate,precision,0.7083298798176544
911,113,validate,recall,0.9670702727169854
912,114,train,accuracy,0.7075726729633214
913,114,train,precision,0.7111229756184374
914,114,train,recall,0.9686787878787879
915,114,train,f1_score,0.8201559934318554
916,114,validate,f1_score,0.8176203016519032
917,114,validate,accuracy,0.703395109795982
918,114,validate,precision,0.7086653386454184
919,114,validate,recall,0.9661649881181397
920,115,train,accuracy,0.707639421953743
921,115,train,precision,0.7104395019687134
922,115,train,recall,0.9710545454545455
923,115,train,f1_score,0.8205506391347099
924,115,validate,f1_score,0.8183077731594286
925,115,validate,accuracy,0.7038623267403831
926,115,validate,precision,0.708119728791136
927,115,validate,recall,0.9691071630643884
928,116,train,accuracy,0.7033341120715549
929,116,train,precision,0.702638303750259
930,116,train,recall,0.9865212121212121
931,116,train,f1_score,0.8207248452090435
932,116,validate,f1_score,0.8200884040252046
933,116,validate,accuracy,0.702071328453512
934,116,validate,precision,0.7015850028159949
935,116,validate,recall,0.9867602127418807
936,117,train,accuracy,0.7033341120715549
937,117,train,precision,0.702638303750259
938,117,train,recall,0.9865212121212121
939,117,train,f1_score,0.8207248452090435
940,117,validate,f1_score,0.8200884040252046
941,117,validate,accuracy,0.702071328453512
942,117,validate,precision,0.7015850028159949
943,117,validate,recall,0.9867602127418807
944,118,train,accuracy,0.7033341120715549
945,118,train,precision,0.702638303750259
946,118,train,recall,0.9865212121212121
947,118,train,f1_score,0.8207248452090435
948,118,validate,f1_score,0.8200884040252046
949,118,validate,accuracy,0.702071328453512
950,118,validate,precision,0.7015850028159949
951,118,validate,recall,0.9867602127418807
952,119,train,accuracy,0.705403330774622
953,119,train,precision,0.709660221779926
954,119,train,recall,0.9680969696969697
955,119,train,f1_score,0.8189741801849838
956,119,validate,f1_score,0.817790530846485
957,119,validate,accuracy,0.7033172403052484
958,119,validate,precision,0.7081918330158204
959,119,validate,recall,0.9675229150164083
960,120,train,accuracy,0.706805059573474
961,120,train,precision,0.7112022832679272
962,120,train,recall,0.9665454545454546
963,120,train,f1_score,0.8194430171616484
964,120,validate,f1_score,0.8174671651807115
965,120,validate,accuracy,0.7034729792867155
966,120,validate,precision,0.7091060291060292
967,120,validate,recall,0.9649202217947267
968,121,train,accuracy,0.7072389280112138
969,121,train,precision,0.7110050913233881
970,121,train,recall,0.9682424242424242
971,121,train,f1_score,0.8199211693217276
972,121,validate,f1_score,0.8177726706884995
973,121,validate,accuracy,0.7036287182681825
974,121,validate,precision,0.7087725122416798
975,121,validate,recall,0.9663913092678511
976,122,train,accuracy,0.7085739078196442
977,122,train,precision,0.7112508437244662
978,122,train,recall,0.9707151515151515
979,122,train,f1_score,0.8209701890351417
980,122,validate,f1_score,0.8194072657743785
981,122,validate,accuracy,0.7058090640087213
982,122,validate,precision,0.7093437060332699
983,122,validate,recall,0.9698992870883784
984,123,train,accuracy,0.7089744017621733
985,123,train,precision,0.7113888987535069
986,123,train,recall,0.9712484848484848
987,123,train,f1_score,0.8212528697933749
988,123,validate,f1_score,0.8190676346962171
989,123,validate,accuracy,0.7050303691013861
990,123,validate,precision,0.7086536077361766
991,123,validate,recall,0.9702387688129456
992,124,train,accuracy,0.7089744017621733
993,124,train,precision,0.711253859530823
994,124,train,recall,0.9716848484848485
995,124,train,f1_score,0.8213187984099012
996,124,validate,f1_score,0.8191021967526266
997,124,validate,accuracy,0.7050303691013861
998,124,validate,precision,0.7085846484342725
999,124,validate,recall,0.970465089962657
1000,125,train,accuracy,0.7033341120715549
1001,125,train,precision,0.702638303750259
1002,125,train,recall,0.9865212121212121
1003,125,train,f1_score,0.8207248452090435
1004,125,validate,f1_score,0.8200884040252046
1005,125,validate,accuracy,0.702071328453512
1006,125,validate,precision,0.7015850028159949
1007,125,validate,recall,0.9867602127418807
1008,126,train,accuracy,0.7033341120715549
1009,126,train,precision,0.702638303750259
1010,126,train,recall,0.9865212121212121
1011,126,train,f1_score,0.8207248452090435
1012,126,validate,f1_score,0.8200884040252046
1013,126,validate,accuracy,0.702071328453512
1014,126,validate,precision,0.7015850028159949
1015,126,validate,recall,0.9867602127418807
1016,127,train,accuracy,0.7039682274805593
1017,127,train,precision,0.7039311613059922
1018,127,train,recall,0.983660606060606
1019,127,train,f1_score,0.8206123852283299
1020,127,validate,f1_score,0.8199396340313148
1021,127,validate,accuracy,0.7026942843793802
1022,127,validate,precision,0.7029190587854774
1023,127,validate,recall,0.9837048772207763
1024,128,train,accuracy,0.7056035777458866
1025,128,train,precision,0.7059747330215677
1026,128,train,recall,0.9808
1027,128,train,f1_score,0.8209988027354451
1028,128,validate,f1_score,0.8200227100681303
1029,128,validate,accuracy,0.7037844572496496
1030,128,validate,precision,0.7046101309049516
1031,128,validate,recall,0.9806495416996719
1032,129,train,accuracy,0.7072723025064246
1033,129,train,precision,0.7088442565186751
1034,129,train,recall,0.975369696969697
1035,129,train,f1_score,0.821018263442506
1036,129,validate,f1_score,0.8195098738995956
1037,129,validate,accuracy,0.7046410216477185
1038,129,validate,precision,0.7070947610445065
1039,129,validate,recall,0.9744257100826073
1040,130,train,accuracy,0.7080065414010613
1041,130,train,precision,0.7113468109339408
1042,130,train,recall,0.9690181818181818
1043,130,train,f1_score,0.8204265101291024
1044,130,validate,f1_score,0.8194477676221468
1045,130,validate,accuracy,0.706198411462389
1046,130,validate,precision,0.7099502487562189
1047,130,validate,recall,0.9688808419146769
1048,131,train,accuracy,0.7085405333244335
1049,131,train,precision,0.7113907849829352
1050,131,train,recall,0.9701818181818181
1051,131,train,f1_score,0.8208725616885115
1052,131,validate,f1_score,0.8191469013006887
1053,131,validate,accuracy,0.7054975860457873
1054,131,validate,precision,0.7093167701863354
1055,131,validate,recall,0.969220323639244
1056,132,train,accuracy,0.7089410272669626
1057,132,train,precision,0.7112586072265209
1058,132,train,recall,0.9715878787878788
1059,132,train,f1_score,0.8212873214615054
1060,132,validate,f1_score,0.8192022928110819
1061,132,validate,accuracy,0.7052639775735867
1062,132,validate,precision,0.7087948421226649
1063,132,validate,recall,0.9703519293878012
1064,133,train,accuracy,0.7089744017621733
1065,133,train,precision,0.7113888987535069
1066,133,train,recall,0.9712484848484848
1067,133,train,f1_score,0.8212528697933749
1068,133,validate,f1_score,0.8190676346962171
1069,133,validate,accuracy,0.7050303691013861
1070,133,validate,precision,0.7086536077361766
1071,133,validate,recall,0.9702387688129456
1072,134,train,accuracy,0.7033341120715549
1073,134,train,precision,0.702638303750259
1074,134,train,recall,0.9865212121212121
1075,134,train,f1_score,0.8207248452090435
1076,134,validate,f1_score,0.8200884040252046
1077,134,validate,accuracy,0.702071328453512
1078,134,validate,precision,0.7015850028159949
1079,134,validate,recall,0.9867602127418807
1080,135,train,accuracy,0.7033341120715549
1081,135,train,precision,0.702638303750259
1082,135,train,recall,0.9865212121212121
1083,135,train,f1_score,0.8207248452090435
1084,135,validate,f1_score,0.8200884040252046
1085,135,validate,accuracy,0.702071328453512
1086,135,validate,precision,0.7015850028159949
1087,135,validate,recall,0.9867602127418807
1088,136,train,accuracy,0.7038013550045056
1089,136,train,precision,0.7030623531038297
1090,136,train,recall,0.986230303030303
1091,136,train,f1_score,0.8209132917650382
1092,136,validate,f1_score,0.8201919458035378
1093,136,validate,accuracy,0.702382806416446
1094,136,validate,precision,0.7019083662130606
1095,136,validate,recall,0.9864207310173135
1096,137,train,accuracy,0.7049360878416714
1097,137,train,precision,0.7048678720445063
1098,137,train,recall,0.9828848484848485
1099,137,train,f1_score,0.8209780297661233
1100,137,validate,f1_score,0.8202899919709064
1101,137,validate,accuracy,0.703706587758916
1102,137,validate,precision,0.7039559014267186
1103,137,validate,recall,0.9826864320470748
1104,138,train,accuracy,0.7072723025064246
1105,138,train,precision,0.7076734407848634
1106,138,train,recall,0.9792484848484848
1107,138,train,f1_score,0.8216007322282112
1108,138,validate,f1_score,0.8206635071090046
1109,138,validate,accuracy,0.7053418470643202
1110,138,validate,precision,0.7060262578488135
1111,138,validate,recall,0.979744257100826
1112,139,train,accuracy,0.7094082701999133
1113,139,train,precision,0.7100014096419509
1114,139,train,recall,0.9768242424242424
1115,139,train,f1_score,0.8223097487806371
1116,139,validate,f1_score,0.8197173716515201
1117,139,validate,accuracy,0.7049524996106525
1118,139,validate,precision,0.7072249589490969
1119,139,validate,recall,0.9747651918071744
1120,140,train,accuracy,0.7112772419317158
1121,140,train,precision,0.7119892358898096
1122,140,train,recall,0.9749333333333333
1123,140,train,f1_score,0.8229684654265661
1124,140,validate,f1_score,0.819352991697681
1125,140,validate,accuracy,0.7051861080828531
1126,140,validate,precision,0.7083573962544345
1127,140,validate,recall,0.9715966957112142
1128,141,train,accuracy,0.7124787237593031
1129,141,train,precision,0.7140362132877103
1130,141,train,recall,0.9712969696969697
1131,141,train,f1_score,0.8230315728929151
1132,141,validate,f1_score,0.8186826347305389
1133,141,validate,accuracy,0.7052639775735867
1134,141,validate,precision,0.7098355208506396
1135,141,validate,recall,0.9669571121421296
1136,142,train,accuracy,0.7131128391683076
1137,142,train,precision,0.7158132692238688
1138,142,train,recall,0.9672242424242424
1139,142,train,f1_score,0.8227409576442447
1140,142,validate,f1_score,0.8173511589881696
1141,142,validate,accuracy,0.7042516741940508
1142,142,validate,precision,0.7107133896462323
1143,142,validate,recall,0.9616385651239109
1144,143,train,accuracy,0.7033341120715549
1145,143,train,precision,0.702638303750259
1146,143,train,recall,0.9865212121212121
1147,143,train,f1_score,0.8207248452090435
1148,143,validate,f1_score,0.8200884040252046
1149,143,validate,accuracy,0.702071328453512
1150,143,validate,precision,0.7015850028159949
1151,143,validate,recall,0.9867602127418807
1152,144,train,accuracy,0.7033341120715549
1153,144,train,precision,0.702638303750259
1154,144,train,recall,0.9865212121212121
1155,144,train,f1_score,0.8207248452090435
1156,144,validate,f1_score,0.8200884040252046
1157,144,validate,accuracy,0.702071328453512
1158,144,validate,precision,0.7015850028159949
1159,144,validate,recall,0.9867602127418807
1160,145,train,accuracy,0.7040016019757701
1161,145,train,precision,0.703362856352062
1162,145,train,recall,0.9856969696969697
1163,145,train,f1_score,0.8209331906559794
1164,145,validate,f1_score,0.820133722572747
1165,145,validate,accuracy,0.702538545397913
1166,145,validate,precision,0.7022820740262882
1167,145,validate,recall,0.9855154464184678
1168,146,train,accuracy,0.7050028368320929
1169,146,train,precision,0.7043484291559747
1170,146,train,recall,0.9848242424242424
1171,146,train,f1_score,0.8213007702727291
1172,146,validate,f1_score,0.8204620462046206
1173,146,validate,accuracy,0.7034729792867155
1174,146,validate,precision,0.7032247635981573
1175,146,validate,recall,0.984610161819622
1176,147,train,accuracy,0.7073390514968461
1177,147,train,precision,0.7075339588292956
1178,147,train,recall,0.9798787878787879
1179,147,train,f1_score,0.8217284352192563
1180,147,validate,f1_score,0.8198275045019429
1181,147,validate,accuracy,0.7039401962311167
1182,147,validate,precision,0.7052588666938443
1183,147,validate,recall,0.9788389725019803
1184,148,train,accuracy,0.7091412742382271
1185,148,train,precision,0.7090353833192923
1186,148,train,recall,0.9793454545454545
1187,148,train,f1_score,0.8225520737890171
1188,148,validate,f1_score,0.8197873148499809
1189,148,validate,accuracy,0.7044074131755178
1190,148,validate,precision,0.7061421444344483
1191,148,validate,recall,0.9770284033042888
1192,149,train,accuracy,0.711944731835931
1193,149,train,precision,0.7124636859632962
1194,149,train,recall,0.975030303030303
1195,149,train,f1_score,0.8233198910974187
1196,149,validate,f1_score,0.8194311891582363
1197,149,validate,accuracy,0.7053418470643202
1198,149,validate,precision,0.7084742965591221
1199,149,validate,recall,0.9715966957112142
1200,150,train,accuracy,0.7141474485198411
1201,150,train,precision,0.7150345909706868
1202,150,train,recall,0.972169696969697
1203,150,train,f1_score,0.8240080547393511
1204,150,validate,f1_score,0.8189172370877412
1205,150,validate,accuracy,0.7054197165550538
1206,150,validate,precision,0.7096399535423926
1207,150,validate,recall,0.9679755573158312
1208,151,train,accuracy,0.7152821813570069
1209,151,train,precision,0.717345985191575
1210,151,train,recall,0.9676606060606061
1211,151,train,f1_score,0.823910665263071
1212,151,validate,f1_score,0.8177486885798162
1213,151,validate,accuracy,0.7051082385921196
1214,151,validate,precision,0.7114386199966505
1215,151,validate,recall,0.9614122439741994
1216,152,train,accuracy,0.7033341120715549
1217,152,train,precision,0.702638303750259
1218,152,train,recall,0.9865212121212121
1219,152,train,f1_score,0.8207248452090435
1220,152,validate,f1_score,0.8200884040252046
1221,152,validate,accuracy,0.702071328453512
1222,152,validate,precision,0.7015850028159949
1223,152,validate,recall,0.9867602127418807
1224,153,train,accuracy,0.7033341120715549
1225,153,train,precision,0.702638303750259
1226,153,train,recall,0.9865212121212121
1227,153,train,f1_score,0.8207248452090435
1228,153,validate,f1_score,0.8200884040252046
1229,153,validate,accuracy,0.702071328453512
1230,153,validate,precision,0.7015850028159949
1231,153,validate,recall,0.9867602127418807
1232,154,train,accuracy,0.7038347294997164
1233,154,train,precision,0.70314282750752
1234,154,train,recall,0.9860363636363636
1235,154,train,f1_score,0.8209009445386293
1236,154,validate,f1_score,0.8202908098442426
1237,154,validate,accuracy,0.7026164148886467
1238,154,validate,precision,0.7021105203802159
1239,154,validate,recall,0.9863075704424579
1240,155,train,accuracy,0.7050362113273037
1241,155,train,precision,0.7043445095523734
1242,155,train,recall,0.9849212121212121
1243,155,train,f1_score,0.821331823879028
1244,155,validate,f1_score,0.820239554842969
1245,155,validate,accuracy,0.7031615013237813
1246,155,validate,precision,0.703128789716226
1247,155,validate,recall,0.9841575195201991
1248,156,train,accuracy,0.7063711911357341
1249,156,train,precision,0.7057656842618045
1250,156,train,recall,0.9834181818181819
1251,156,train,f1_score,0.8217729519487886
1252,156,validate,f1_score,0.8209152798789712
1253,156,validate,accuracy,0.7050303691013861
1254,156,validate,precision,0.7049939098660171
1255,156,validate,recall,0.9824601108973634
1256,157,train,accuracy,0.7118779828455095
1257,157,train,precision,0.712127644519918
1258,157,train,recall,0.9759515151515151
1259,157,train,f1_score,0.8234235339837598
1260,157,validate,f1_score,0.8217283479587943
1261,157,validate,accuracy,0.7089238436380626
1262,157,validate,precision,0.7101640425356525
1263,157,validate,recall,0.9748783523820301
1264,158,train,accuracy,0.7151486833761639
1265,158,train,precision,0.7154772937905468
1266,158,train,recall,0.9731878787878788
1267,158,train,f1_score,0.824667721193944
1268,158,validate,f1_score,0.8208125718666156
1269,158,validate,accuracy,0.7087681046565956
1270,158,validate,precision,0.7117573743248857
1271,158,validate,recall,0.9693334842140998
1272,159,train,accuracy,0.7183860094116077
1273,159,train,precision,0.7195618491694592
1274,159,train,recall,0.9682424242424242
1275,159,train,f1_score,0.8255818760593658
1276,159,validate,f1_score,0.8185763888888888
1277,159,validate,accuracy,0.7070549758604578
1278,159,validate,precision,0.713253214555845
1279,159,validate,recall,0.9603937988004979
1280,160,train,accuracy,0.720421853619464
1281,160,train,precision,0.7221899717001669
1282,160,train,recall,0.9650909090909091
1283,160,train,f1_score,0.8261564322327598
1284,160,validate,f1_score,0.8171741129773947
1285,160,validate,accuracy,0.7058869334994549
1286,160,validate,precision,0.7140077821011673
1287,160,validate,recall,0.9551884123571348
1288,161,train,accuracy,0.7033341120715549
1289,161,train,precision,0.702638303750259
1290,161,train,recall,0.9865212121212121
1291,161,train,f1_score,0.8207248452090435
1292,161,validate,f1_score,0.8200884040252046
1293,161,validate,accuracy,0.702071328453512
1294,161,validate,precision,0.7015850028159949
1295,161,validate,recall,0.9867602127418807
1296,162,train,accuracy,0.7033341120715549
1297,162,train,precision,0.702638303750259
1298,162,train,recall,0.9865212121212121
1299,162,train,f1_score,0.8207248452090435
1300,162,validate,f1_score,0.8200884040252046
1301,162,validate,accuracy,0.702071328453512
1302,162,validate,precision,0.7015850028159949
1303,162,validate,recall,0.9867602127418807
1304,163,train,accuracy,0.7043687214230885
1305,163,train,precision,0.7036024500813233
1306,163,train,recall,0.9857939393939394
1307,163,train,f1_score,0.8211300028270264
1308,163,validate,f1_score,0.8202882170104551
1309,163,validate,accuracy,0.7028500233608472
1310,163,validate,precision,0.7025086714527708
1311,163,validate,recall,0.9855154464184678
1312,164,train,accuracy,0.7058705737075727
1313,164,train,precision,0.7051549256634709
1314,164,train,recall,0.9842424242424243
1315,164,train,f1_score,0.8216461255135289
1316,164,validate,f1_score,0.8207186363850986
1317,164,validate,accuracy,0.7043295436847843
1318,164,validate,precision,0.7041808458920759
1319,164,validate,recall,0.9834785560710648
1320,165,train,accuracy,0.7076727964489538
1321,165,train,precision,0.7072446555819477
1322,165,train,recall,0.9816727272727273
1323,165,train,f1_score,0.8221631169674942
1324,165,validate,f1_score,0.8210157286336935
1325,165,validate,accuracy,0.7058090640087213
1326,165,validate,precision,0.7061364191997392
1327,165,validate,recall,0.9805363811248161
1328,166,train,accuracy,0.7114107399125589
1329,166,train,precision,0.7112373024830699
1330,166,train,recall,0.9776969696969697
1331,166,train,f1_score,0.8234477407762828
1332,166,validate,f1_score,0.8218694885361553
1333,166,validate,accuracy,0.7090017131287961
1334,166,validate,precision,0.7100148245758524
1335,166,validate,recall,0.9755573158311645
1336,167,train,accuracy,0.7166505356606482
1337,167,train,precision,0.7157640197717009
1338,167,train,recall,0.9759030303030303
1339,167,train,f1_score,0.8258318631272309
1340,167,validate,f1_score,0.8233379600823243
1341,167,validate,accuracy,0.7125837097025386
1342,167,validate,precision,0.713420703384207
1343,167,validate,recall,0.9732941043340501
1344,168,train,accuracy,0.7190201248206121
1345,168,train,precision,0.7188239512370025
1346,168,train,recall,0.9720242424242425
1347,168,train,f1_score,0.8264660414304854
1348,168,validate,f1_score,0.8218716937578148
1349,168,validate,accuracy,0.7115714063230026
1350,168,validate,precision,0.714644141507067
1351,168,validate,recall,0.9669571121421296
1352,169,train,accuracy,0.7223909488368988
1353,169,train,precision,0.7208484369952984
1354,169,train,recall,0.9738181818181818
1355,169,train,f1_score,0.8284524005939614
1356,169,validate,f1_score,0.8214697960754137
1357,169,validate,accuracy,0.7109484503971344
1358,169,validate,precision,0.7143454621497282
1359,169,validate,recall,0.9663913092678511
1360,170,train,accuracy,0.6981276908186763
1361,170,train,precision,0.6959523487207256
1362,170,train,recall,0.9970424242424243
1363,170,train,f1_score,0.8197237558049151
1364,170,validate,f1_score,0.8189422808811228
1365,170,validate,accuracy,0.6966204641021648
1366,170,validate,precision,0.694819020581973
1367,170,validate,recall,0.9970578250537513
1368,171,train,accuracy,0.7033341120715549
1369,171,train,precision,0.7027783537217499
1370,171,train,recall,0.9860363636363636
1371,171,train,f1_score,0.8206525028751286
1372,171,validate,f1_score,0.8199266158622636
1373,171,validate,accuracy,0.7019155894720448
1374,171,validate,precision,0.701634328959021
1375,171,validate,recall,0.9861944098676021
1376,172,train,accuracy,0.704168474451824
1377,172,train,precision,0.7033719522739063
1378,172,train,recall,0.9860848484848485
1379,172,train,f1_score,0.8210738796931771
1380,172,validate,f1_score,0.8202955850513037
1381,172,validate,accuracy,0.7026942843793802
1382,172,validate,precision,0.70223225078572
1383,172,validate,recall,0.9860812492927464
1384,173,train,accuracy,0.7061375696692588
1385,173,train,precision,0.7054508795105333
1386,173,train,recall,0.9839030303030303
1387,173,train,f1_score,0.8217286550181208
1388,173,validate,f1_score,0.8209124397846417
1389,173,validate,accuracy,0.704718891138452
1390,173,validate,precision,0.7044662397665559
1391,173,validate,recall,0.9834785560710648
1392,174,train,accuracy,0.7078396689250075
1393,174,train,precision,0.7068767209229375
1394,174,train,recall,0.9833212121212122
1395,174,train,f1_score,0.8224916862681483
1396,174,validate,f1_score,0.8213593151397625
1397,174,validate,accuracy,0.7058869334994549
1398,174,validate,precision,0.7055907687307005
1399,174,validate,recall,0.9825732714722191
1400,175,train,accuracy,0.7121116043119848
1401,175,train,precision,0.7118243123962857
1402,175,train,recall,0.9775030303030303
1403,175,train,f1_score,0.8237721663806489
1404,175,validate,f1_score,0.8219191148416635
1405,175,validate,accuracy,0.7092353216009968
1406,175,validate,precision,0.710328909405655
1407,175,validate,recall,0.9751046735317416
1408,176,train,accuracy,0.7163167907085405
1409,176,train,precision,0.7155095801784508
1410,176,train,recall,0.9759030303030303
1411,176,train,f1_score,0.8256624825662483
1412,176,validate,f1_score,0.8236757739604766
1413,176,validate,accuracy,0.7130509266469397
1414,176,validate,precision,0.7135632565080418
1415,176,validate,recall,0.9739730677831844
1416,177,train,accuracy,0.7202216066481995
1417,177,train,precision,0.7184355149525373
1418,177,train,recall,0.9760969696969697
1419,177,train,f1_score,0.8276769379406747
1420,177,validate,f1_score,0.823050002397047
1421,177,validate,accuracy,0.7125837097025386
1422,177,validate,precision,0.7140242888038596
1423,177,validate,recall,0.9713703745615028
1424,178,train,accuracy,0.72375930314054
1425,178,train,precision,0.7210051546391752
1426,178,train,recall,0.9765818181818182
1427,178,train,f1_score,0.8295545808364737
1428,178,validate,f1_score,0.8232301415886729
1429,178,validate,accuracy,0.7132066656284068
1430,178,validate,precision,0.7147857976329388
1431,178,validate,recall,0.970465089962657
1432,179,train,accuracy,0.7024330007008645
1433,179,train,precision,0.7009990730250283
1434,179,train,recall,0.9899636363636364
1435,179,train,f1_score,0.8207911239749156
1436,179,validate,f1_score,0.820986496624156
1437,179,validate,accuracy,0.7026942843793802
1438,179,validate,precision,0.7009046513489713
1439,179,validate,recall,0.990720832861831
1440,180,train,accuracy,0.7033674865667657
1441,180,train,precision,0.7026765670868589
1442,180,train,recall,0.9864727272727273
1443,180,train,f1_score,0.8207341670028238
1444,180,validate,f1_score,0.8200884040252046
1445,180,validate,accuracy,0.702071328453512
1446,180,validate,precision,0.7015850028159949
1447,180,validate,recall,0.9867602127418807
1448,181,train,accuracy,0.7043353469278777
1449,181,train,precision,0.7034795240730493
1450,181,train,recall,0.9861333333333333
1451,181,train,f1_score,0.8211639784403577
1452,181,validate,f1_score,0.8203945200320136
1453,181,validate,accuracy,0.7029278928515807
1454,181,validate,precision,0.7024346984843599
1455,181,validate,recall,0.9859680887178907
1456,182,train,accuracy,0.7055368287554651
1457,182,train,precision,0.7047536433032616
1458,182,train,recall,0.9847757575757575
1459,182,train,f1_score,0.8215593083223784
1460,182,validate,f1_score,0.8207208907341008
1461,182,validate,accuracy,0.7040959352125837
1462,182,validate,precision,0.7037786228659276
1463,182,validate,recall,0.9842706800950549
1464,183,train,accuracy,0.708039915896272
1465,183,train,precision,0.7072413191415111
1466,183,train,recall,0.9825939393939394
1467,183,train,f1_score,0.8224837662337663
1468,183,validate,f1_score,0.8212798182506627
1469,183,validate,accuracy,0.7059648029901885
1470,183,validate,precision,0.7058823529411765
1471,183,validate,recall,0.9817811474482291
1472,184,train,accuracy,0.7118112338550879
1473,184,train,precision,0.7109429978888107
1474,184,train,recall,0.9796363636363636
1475,184,train,f1_score,0.8239372005301253
1476,184,validate,f1_score,0.8219425314652101
1477,184,validate,accuracy,0.7080672792399938
1478,184,validate,precision,0.7082173841872647
1479,184,validate,recall,0.9791784542265475
1480,185,train,accuracy,0.7159830457564329
1481,185,train,precision,0.7143109853175306
1482,185,train,recall,0.978909090909091
1483,185,train,f1_score,0.8259357741869503
1484,185,validate,f1_score,0.8239843414331408
1485,185,validate,accuracy,0.7128951876654727
1486,185,validate,precision,0.7126341866226259
1487,185,validate,recall,0.9765757610048659
1488,186,train,accuracy,0.7198544872008811
1489,186,train,precision,0.7174245386994702
1490,186,train,recall,0.9783757575757576
1491,186,train,f1_score,0.8278224483098129
1492,186,validate,f1_score,0.8238897396630934
1493,186,validate,accuracy,0.7134402741006074
1494,186,validate,precision,0.7138237001409735
1495,186,validate,recall,0.97408622835804
1496,187,train,accuracy,0.7252945299202349
1497,187,train,precision,0.7221306186823429
1498,187,train,recall,0.9767757575757576
1499,187,train,f1_score,0.8303691033118316
1500,187,validate,f1_score,0.8231563776122989
1501,187,validate,accuracy,0.7133624046098739
1502,187,validate,precision,0.7152279178493905
1503,187,validate,recall,0.9694466447889555
1504,188,train,accuracy,0.6883489637219237
1505,188,train,precision,0.6883489637219237
1506,188,train,recall,1.0
1507,188,train,f1_score,0.8154107693524156
1508,188,validate,f1_score,0.8152590064117349
1509,188,validate,accuracy,0.68813268961221
1510,188,validate,precision,0.68813268961221
1511,188,validate,recall,1.0
1512,189,train,accuracy,0.6916530387477889
1513,189,train,precision,0.6906947142761439
1514,189,train,recall,0.9997575757575757
1515,189,train,f1_score,0.8169733948770775
1516,189,validate,f1_score,0.8166528047315406
1517,189,validate,accuracy,0.6910138607693506
1518,189,validate,precision,0.6901210464662242
1519,189,validate,recall,1.0
1520,190,train,accuracy,0.6948236157928112
1521,190,train,precision,0.6929125919951608
1522,190,train,recall,0.9997090909090909
1523,190,train,f1_score,0.8185066095033939
1524,190,validate,f1_score,0.8178830934419402
1525,190,validate,accuracy,0.6935835539635571
1526,190,validate,precision,0.6919342208300705
1527,190,validate,recall,0.9998868394251442
1528,191,train,accuracy,0.6948236157928112
1529,191,train,precision,0.6929125919951608
1530,191,train,recall,0.9997090909090909
1531,191,train,f1_score,0.8185066095033939
1532,191,validate,f1_score,0.8178830934419402
1533,191,validate,accuracy,0.6935835539635571
1534,191,validate,precision,0.6919342208300705
1535,191,validate,recall,0.9998868394251442
1536,192,train,accuracy,0.6948236157928112
1537,192,train,precision,0.6929125919951608
1538,192,train,recall,0.9997090909090909
1539,192,train,f1_score,0.8185066095033939
1540,192,validate,f1_score,0.8178830934419402
1541,192,validate,accuracy,0.6935835539635571
1542,192,validate,precision,0.6919342208300705
1543,192,validate,recall,0.9998868394251442
1544,193,train,accuracy,0.6948236157928112
1545,193,train,precision,0.6929125919951608
1546,193,train,recall,0.9997090909090909
1547,193,train,f1_score,0.8185066095033939
1548,193,validate,f1_score,0.8178830934419402
1549,193,validate,accuracy,0.6935835539635571
1550,193,validate,precision,0.6919342208300705
1551,193,validate,recall,0.9998868394251442
1552,194,train,accuracy,0.6948236157928112
1553,194,train,precision,0.6929125919951608
1554,194,train,recall,0.9997090909090909
1555,194,train,f1_score,0.8185066095033939
1556,194,validate,f1_score,0.8178830934419402
1557,194,validate,accuracy,0.6935835539635571
1558,194,validate,precision,0.6919342208300705
1559,194,validate,recall,0.9998868394251442
1560,195,train,accuracy,0.6883489637219237
1561,195,train,precision,0.6883489637219237
1562,195,train,recall,1.0
1563,195,train,f1_score,0.8154107693524156
1564,195,validate,f1_score,0.8152590064117349
1565,195,validate,accuracy,0.68813268961221
1566,195,validate,precision,0.68813268961221
1567,195,validate,recall,1.0
1568,196,train,accuracy,0.6948236157928112
1569,196,train,precision,0.6929125919951608
1570,196,train,recall,0.9997090909090909
1571,196,train,f1_score,0.8185066095033939
1572,196,validate,f1_score,0.8178830934419402
1573,196,validate,accuracy,0.6935835539635571
1574,196,validate,precision,0.6919342208300705
1575,196,validate,recall,0.9998868394251442
1576,197,train,accuracy,0.7033341120715549
1577,197,train,precision,0.702638303750259
1578,197,train,recall,0.9865212121212121
1579,197,train,f1_score,0.8207248452090435
1580,197,validate,f1_score,0.8200884040252046
1581,197,validate,accuracy,0.702071328453512
1582,197,validate,precision,0.7015850028159949
1583,197,validate,recall,0.9867602127418807
1584,198,train,accuracy,0.695257484230551
1585,198,train,precision,0.6932804197215309
1586,198,train,recall,0.9994666666666666
1587,198,train,f1_score,0.8186818642149367
1588,198,validate,f1_score,0.8179250960603675
1589,198,validate,accuracy,0.6937392929450241
1590,198,validate,precision,0.6921027890943278
1591,198,validate,recall,0.9996605182754328
1592,199,train,accuracy,0.695257484230551
1593,199,train,precision,0.6932804197215309
1594,199,train,recall,0.9994666666666666
1595,199,train,f1_score,0.8186818642149367
1596,199,validate,f1_score,0.8179250960603675
1597,199,validate,accuracy,0.6937392929450241
1598,199,validate,precision,0.6921027890943278
1599,199,validate,recall,0.9996605182754328
1600,200,train,accuracy,0.695257484230551
1601,200,train,precision,0.6932804197215309
1602,200,train,recall,0.9994666666666666
1603,200,train,f1_score,0.8186818642149367
1604,200,validate,f1_score,0.8179250960603675
1605,200,validate,accuracy,0.6937392929450241
1606,200,validate,precision,0.6921027890943278
1607,200,validate,recall,0.9996605182754328
1608,201,train,accuracy,0.695257484230551
1609,201,train,precision,0.6932804197215309
1610,201,train,recall,0.9994666666666666
1611,201,train,f1_score,0.8186818642149367
1612,201,validate,f1_score,0.8179250960603675
1613,201,validate,accuracy,0.6937392929450241
1614,201,validate,precision,0.6921027890943278
1615,201,validate,recall,0.9996605182754328
1616,202,train,accuracy,0.6883823382171345
1617,202,train,precision,0.6883719377878647
1618,202,train,recall,1.0
1619,202,train,f1_score,0.8154268883309941
1620,202,validate,f1_score,0.8152966140787895
1621,202,validate,accuracy,0.6882105591029435
1622,202,validate,precision,0.6881862783272331
1623,202,validate,recall,1.0
1624,203,train,accuracy,0.7033341120715549
1625,203,train,precision,0.702638303750259
1626,203,train,recall,0.9865212121212121
1627,203,train,f1_score,0.8207248452090435
1628,203,validate,f1_score,0.8200884040252046
1629,203,validate,accuracy,0.702071328453512
1630,203,validate,precision,0.7015850028159949
1631,203,validate,recall,0.9867602127418807
1632,204,train,accuracy,0.7033341120715549
1633,204,train,precision,0.702638303750259
1634,204,train,recall,0.9865212121212121
1635,204,train,f1_score,0.8207248452090435
1636,204,validate,f1_score,0.8200884040252046
1637,204,validate,accuracy,0.702071328453512
1638,204,validate,precision,0.7015850028159949
1639,204,validate,recall,0.9867602127418807
1640,205,train,accuracy,0.7037679805092948
1641,205,train,precision,0.7030240193537238
1642,205,train,recall,0.9862787878787879
1643,205,train,f1_score,0.82090395480226
1644,205,validate,f1_score,0.820131702728128
1645,205,validate,accuracy,0.702227067434979
1646,205,validate,precision,0.7017628592127505
1647,205,validate,recall,0.9865338915921693
1648,206,train,accuracy,0.7037679805092948
1649,206,train,precision,0.7030240193537238
1650,206,train,recall,0.9862787878787879
1651,206,train,f1_score,0.82090395480226
1652,206,validate,f1_score,0.820131702728128
1653,206,validate,accuracy,0.702227067434979
1654,206,validate,precision,0.7017628592127505
1655,206,validate,recall,0.9865338915921693
1656,207,train,accuracy,0.7037679805092948
1657,207,train,precision,0.7030240193537238
1658,207,train,recall,0.9862787878787879
1659,207,train,f1_score,0.82090395480226
1660,207,validate,f1_score,0.820131702728128
1661,207,validate,accuracy,0.702227067434979
1662,207,validate,precision,0.7017628592127505
1663,207,validate,recall,0.9865338915921693
1664,208,train,accuracy,0.7037679805092948
1665,208,train,precision,0.7030240193537238
1666,208,train,recall,0.9862787878787879
1667,208,train,f1_score,0.82090395480226
1668,208,validate,f1_score,0.820131702728128
1669,208,validate,accuracy,0.702227067434979
1670,208,validate,precision,0.7017628592127505
1671,208,validate,recall,0.9865338915921693
1672,209,train,accuracy,0.6883823382171345
1673,209,train,precision,0.6883719377878647
1674,209,train,recall,1.0
1675,209,train,f1_score,0.8154268883309941
1676,209,validate,f1_score,0.8152966140787895
1677,209,validate,accuracy,0.6882105591029435
1678,209,validate,precision,0.6881862783272331
1679,209,validate,recall,1.0
1680,210,train,accuracy,0.7039682274805593
1681,210,train,precision,0.7040869474634536
1682,210,train,recall,0.9831272727272727
1683,210,train,f1_score,0.8205325348009065
1684,210,validate,f1_score,0.8202830188679245
1685,210,validate,accuracy,0.7033172403052484
1686,210,validate,precision,0.7033082585133058
1687,210,validate,recall,0.9839311983704877
1688,211,train,accuracy,0.7040016019757701
1689,211,train,precision,0.7047655542395318
1690,211,train,recall,0.9808969696969697
1691,211,train,f1_score,0.820214469603292
1692,211,validate,f1_score,0.8202608202608203
1693,211,validate,accuracy,0.7037844572496496
1694,211,validate,precision,0.704145371947757
1695,211,validate,recall,0.982233789747652
1696,212,train,accuracy,0.703734606014084
1697,212,train,precision,0.7030137554434229
1698,212,train,recall,0.986230303030303
1699,212,train,f1_score,0.8208801630379952
1700,212,validate,f1_score,0.820131702728128
1701,212,validate,accuracy,0.702227067434979
1702,212,validate,precision,0.7017628592127505
1703,212,validate,recall,0.9865338915921693
1704,213,train,accuracy,0.703868103994927
1705,213,train,precision,0.7031390444582728
1706,213,train,recall,0.9861333333333333
1707,213,train,f1_score,0.8209319690823595
1708,213,validate,f1_score,0.82017028082224
1709,213,validate,accuracy,0.7023049369257125
1710,213,validate,precision,0.7018193527612301
1711,213,validate,recall,0.9865338915921693
1712,214,train,accuracy,0.703868103994927
1713,214,train,precision,0.7031390444582728
1714,214,train,recall,0.9861333333333333
1715,214,train,f1_score,0.8209319690823595
1716,214,validate,f1_score,0.82017028082224
1717,214,validate,accuracy,0.7023049369257125
1718,214,validate,precision,0.7018193527612301
1719,214,validate,recall,0.9865338915921693
1720,215,train,accuracy,0.703868103994927
1721,215,train,precision,0.7031390444582728
1722,215,train,recall,0.9861333333333333
1723,215,train,f1_score,0.8209319690823595
1724,215,validate,f1_score,0.82017028082224
1725,215,validate,accuracy,0.7023049369257125
1726,215,validate,precision,0.7018193527612301
1727,215,validate,recall,0.9865338915921693
1728,216,train,accuracy,0.6883823382171345
1729,216,train,precision,0.6883719377878647
1730,216,train,recall,1.0
1731,216,train,f1_score,0.8154268883309941
1732,216,validate,f1_score,0.8152966140787895
1733,216,validate,accuracy,0.6882105591029435
1734,216,validate,precision,0.6881862783272331
1735,216,validate,recall,1.0
1736,217,train,accuracy,0.703467610052398
1737,217,train,precision,0.7040603490231523
1738,217,train,recall,0.9819636363636364
1739,217,train,f1_score,0.8201089267275414
1740,217,validate,f1_score,0.8196195062078081
1741,217,validate,accuracy,0.7024606759071795
1742,217,validate,precision,0.7031427182893245
1743,217,validate,recall,0.9823469503225076
1744,218,train,accuracy,0.703601108033241
1745,218,train,precision,0.7051712089447939
1746,218,train,recall,0.9785212121212121
1747,218,train,f1_score,0.819656817951061
1748,218,validate,f1_score,0.8194128787878788
1749,218,validate,accuracy,0.7030057623423143
1750,218,validate,precision,0.7044695921191891
1751,218,validate,recall,0.9791784542265475
1752,219,train,accuracy,0.7038013550045056
1753,219,train,precision,0.7031044734840628
1754,219,train,recall,0.9860848484848485
1755,219,train,f1_score,0.820891606627515
1756,219,validate,f1_score,0.820131702728128
1757,219,validate,accuracy,0.702227067434979
1758,219,validate,precision,0.7017628592127505
1759,219,validate,recall,0.9865338915921693
1760,220,train,accuracy,0.7038347294997164
1761,220,train,precision,0.7031287813310285
1762,220,train,recall,0.9860848484848485
1763,220,train,f1_score,0.8209081735620585
1764,220,validate,f1_score,0.82017028082224
1765,220,validate,accuracy,0.7023049369257125
1766,220,validate,precision,0.7018193527612301
1767,220,validate,recall,0.9865338915921693
1768,221,train,accuracy,0.7038347294997164
1769,221,train,precision,0.7031287813310285
1770,221,train,recall,0.9860848484848485
1771,221,train,f1_score,0.8209081735620585
1772,221,validate,f1_score,0.82017028082224
1773,221,validate,accuracy,0.7023049369257125
1774,221,validate,precision,0.7018193527612301
1775,221,validate,recall,0.9865338915921693
1776,222,train,accuracy,0.7038347294997164
1777,222,train,precision,0.7031287813310285
1778,222,train,recall,0.9860848484848485
1779,222,train,f1_score,0.8209081735620585
1780,222,validate,f1_score,0.82017028082224
1781,222,validate,accuracy,0.7023049369257125
1782,222,validate,precision,0.7018193527612301
1783,222,validate,recall,0.9865338915921693
1784,223,train,accuracy,0.6885492106931883
1785,223,train,precision,0.688486831124612
1786,223,train,recall,1.0
1787,223,train,f1_score,0.8155074927839943
1788,223,validate,f1_score,0.8153718398228456
1789,223,validate,accuracy,0.6883662980844105
1790,223,validate,precision,0.6882934808006854
1791,223,validate,recall,1.0
1792,224,train,accuracy,0.7029002436338151
1793,224,train,precision,0.7058761546837132
1794,224,train,recall,0.9744
1795,224,train,f1_score,0.8186817663353431
1796,224,validate,f1_score,0.8178880334568956
1797,224,validate,accuracy,0.7016041115091107
1798,224,validate,precision,0.7050389184760344
1799,224,validate,recall,0.9737467466334729
1800,225,train,accuracy,0.7040349764709809
1801,225,train,precision,0.7055635206490192
1802,225,train,recall,0.9782787878787879
1803,225,train,f1_score,0.8198366584047783
1804,225,validate,f1_score,0.8194562849294307
1805,225,validate,accuracy,0.7031615013237813
1806,225,validate,precision,0.7046509733648285
1807,225,validate,recall,0.978952133076836
1808,226,train,accuracy,0.7044688449087207
1809,226,train,precision,0.7052238805970149
1810,226,train,recall,0.9805090909090909
1811,226,train,f1_score,0.8203890387618912
1812,226,validate,f1_score,0.8203043765951412
1813,226,validate,accuracy,0.7039401962311167
1814,226,validate,precision,0.7043259475691908
1815,226,validate,recall,0.9820074685979405
1816,227,train,accuracy,0.7045355938991422
1817,227,train,precision,0.7052730696798494
1818,227,train,recall,0.9805090909090909
1819,227,train,f1_score,0.8204223209395728
1820,227,validate,f1_score,0.8203431488396277
1821,227,validate,accuracy,0.7040180657218502
1822,227,validate,precision,0.7043831168831168
1823,227,validate,recall,0.9820074685979405
1824,228,train,accuracy,0.703467610052398
1825,228,train,precision,0.7034379981978235
1826,228,train,recall,0.9840969696969697
1827,228,train,f1_score,0.8204288688130319
1828,228,validate,f1_score,0.8201723407260914
1829,228,validate,accuracy,0.7026164148886467
1830,228,validate,precision,0.7023387096774194
1831,228,validate,recall,0.9855154464184678
1832,229,train,accuracy,0.703467610052398
1833,229,train,precision,0.7034379981978235
1834,229,train,recall,0.9840969696969697
1835,229,train,f1_score,0.8204288688130319
1836,229,validate,f1_score,0.8201723407260914
1837,229,validate,accuracy,0.7026164148886467
1838,229,validate,precision,0.7023387096774194
1839,229,validate,recall,0.9855154464184678
1840,230,train,accuracy,0.6884490872075559
1841,230,train,precision,0.6884178905206942
1842,230,train,recall,1.0
1843,230,train,f1_score,0.8154591282000593
1844,230,validate,f1_score,0.8152966140787895
1845,230,validate,accuracy,0.6882105591029435
1846,230,validate,precision,0.6881862783272331
1847,230,validate,recall,1.0
1848,231,train,accuracy,0.7028668691386043
1849,231,train,precision,0.7061119707413138
1850,231,train,recall,0.9735272727272727
1851,231,train,f1_score,0.818532031552557
1852,231,validate,f1_score,0.8181126331811265
1853,231,validate,accuracy,0.702227067434979
1854,231,validate,precision,0.705669976204152
1855,231,validate,recall,0.9731809437591943
1856,232,train,accuracy,0.7038013550045056
1857,232,train,precision,0.7054195804195804
1858,232,train,recall,0.9781818181818182
1859,232,train,f1_score,0.819705434230574
1860,232,validate,f1_score,0.8198181129215611
1861,232,validate,accuracy,0.7037844572496496
1862,232,validate,precision,0.705010183299389
1863,232,validate,recall,0.9792916148014031
1864,233,train,accuracy,0.7037012315188733
1865,233,train,precision,0.7055180377200042
1866,233,train,recall,0.9776
1867,233,train,f1_score,0.8195675148361922
1868,233,validate,f1_score,0.8195168166745617
1869,233,validate,accuracy,0.7033172403052484
1870,233,validate,precision,0.7047991526114235
1871,233,validate,recall,0.9788389725019803
1872,234,train,accuracy,0.7045355938991422
1873,234,train,precision,0.7052730696798494
1874,234,train,recall,0.9805090909090909
1875,234,train,f1_score,0.8204223209395728
1876,234,validate,f1_score,0.8203431488396277
1877,234,validate,accuracy,0.7040180657218502
1878,234,validate,precision,0.7043831168831168
1879,234,validate,recall,0.9820074685979405
1880,235,train,accuracy,0.7035009845476087
1881,235,train,precision,0.7034623782622258
1882,235,train,recall,0.9840969696969697
1883,235,train,f1_score,0.8204454505032539
1884,235,validate,f1_score,0.8201723407260914
1885,235,validate,accuracy,0.7026164148886467
1886,235,validate,precision,0.7023387096774194
1887,235,validate,recall,0.9855154464184678
1888,236,train,accuracy,0.7035009845476087
1889,236,train,precision,0.7034623782622258
1890,236,train,recall,0.9840969696969697
1891,236,train,f1_score,0.8204454505032539
1892,236,validate,f1_score,0.8201723407260914
1893,236,validate,accuracy,0.7026164148886467
1894,236,validate,precision,0.7023387096774194
1895,236,validate,recall,0.9855154464184678
1896,237,train,accuracy,0.6890498281213496
1897,237,train,precision,0.6888695884553715
1898,237,train,recall,0.9998545454545454
1899,237,train,f1_score,0.8157275370344732
1900,237,validate,f1_score,0.8154300479881875
1901,237,validate,accuracy,0.6885220370658776
1902,237,validate,precision,0.6884300740163615
1903,237,validate,recall,0.9998868394251442
1904,238,train,accuracy,0.7041350999566132
1905,238,train,precision,0.7055081783866909
1906,238,train,recall,0.9787151515151515
1907,238,train,f1_score,0.8199524747649125
1908,238,validate,f1_score,0.819081908190819
1909,238,validate,accuracy,0.7026164148886467
1910,238,validate,precision,0.7044491525423728
1911,238,validate,recall,0.9782731696277017
1912,239,train,accuracy,0.7022995027200214
1913,239,train,precision,0.7060376694243972
1914,239,train,recall,0.9723636363636363
1915,239,train,f1_score,0.8180705690393636
1916,239,validate,f1_score,0.8181342467056752
1917,239,validate,accuracy,0.7023049369257125
1918,239,validate,precision,0.7057616546290216
1919,239,validate,recall,0.9730677831843386
1920,240,train,accuracy,0.703868103994927
1921,240,train,precision,0.7056990828257369
1922,240,train,recall,0.9774060606060606
1923,240,train,f1_score,0.8196214754731557
1924,240,validate,f1_score,0.8195866514979142
1925,240,validate,accuracy,0.7036287182681825
1926,240,validate,precision,0.7051961823966065
1927,240,validate,recall,0.9782731696277017
1928,241,train,accuracy,0.7037012315188733
1929,241,train,precision,0.7055180377200042
1930,241,train,recall,0.9776
1931,241,train,f1_score,0.8195675148361922
1932,241,validate,f1_score,0.8196674719340628
1933,241,validate,accuracy,0.703550848777449
1934,241,validate,precision,0.7049046765520612
1935,241,validate,recall,0.9790652936516917
1936,242,train,accuracy,0.7035343590428195
1937,242,train,precision,0.7035008665511265
1938,242,train,recall,0.9840484848484848
1939,242,train,f1_score,0.8204547751389591
1940,242,validate,f1_score,0.8201723407260914
1941,242,validate,accuracy,0.7026164148886467
1942,242,validate,precision,0.7023387096774194
1943,242,validate,recall,0.9855154464184678
1944,243,train,accuracy,0.7035677335380303
1945,243,train,precision,0.7035111434612319
1946,243,train,recall,0.9840969696969697
1947,243,train,f1_score,0.8204786158945753
1948,243,validate,f1_score,0.8201723407260914
1949,243,validate,accuracy,0.7026164148886467
1950,243,validate,precision,0.7023387096774194
1951,243,validate,recall,0.9855154464184678
1952,244,train,accuracy,0.6891499516069819
1953,244,train,precision,0.6889386296061203
1954,244,train,recall,0.9998545454545454
1955,244,train,f1_score,0.8157759405039755
1956,244,validate,f1_score,0.8154300479881875
1957,244,validate,accuracy,0.6885220370658776
1958,244,validate,precision,0.6884300740163615
1959,244,validate,recall,0.9998868394251442
1960,245,train,accuracy,0.7041350999566132
1961,245,train,precision,0.7055081783866909
1962,245,train,recall,0.9787151515151515
1963,245,train,f1_score,0.8199524747649125
1964,245,validate,f1_score,0.8190647652437579
1965,245,validate,accuracy,0.7026164148886467
1966,245,validate,precision,0.7044824775876121
1967,245,validate,recall,0.978160009052846
1968,246,train,accuracy,0.7041017254614024
1969,246,train,precision,0.7068425681618293
1970,246,train,recall,0.9741575757575758
1971,246,train,f1_score,0.8192456676860347
1972,246,validate,f1_score,0.8179873556115417
1973,246,validate,accuracy,0.7018377199813113
1974,246,validate,precision,0.7052459016393443
1975,246,validate,recall,0.9736335860586172
1976,247,train,accuracy,0.7038013550045056
1977,247,train,precision,0.7056496779613554
1978,247,train,recall,0.9774060606060606
1979,247,train,f1_score,0.8195881527859654
1980,247,validate,f1_score,0.8196985496255569
1981,247,validate,accuracy,0.7037844572496496
1982,247,validate,precision,0.7052442704510236
1983,247,validate,recall,0.9784994907774132
1984,248,train,accuracy,0.703868103994927
1985,248,train,precision,0.7056990828257369
1986,248,train,recall,0.9774060606060606
1987,248,train,f1_score,0.8196214754731557
1988,248,validate,f1_score,0.8197374034222876
1989,248,validate,accuracy,0.7038623267403831
1990,248,validate,precision,0.7053017944535074
1991,248,validate,recall,0.9784994907774132
1992,249,train,accuracy,0.703601108033241
1993,249,train,precision,0.7035355285961872
1994,249,train,recall,0.9840969696969697
1995,249,train,f1_score,0.8204951995957555
1996,249,validate,f1_score,0.8202495879444314
1997,249,validate,accuracy,0.7027721538701137
1998,249,validate,precision,0.7024520083884498
1999,249,validate,recall,0.9855154464184678
2000,250,train,accuracy,0.7035677335380303
2001,250,train,precision,0.7035252521751187
2002,250,train,recall,0.9840484848484848
2003,250,train,f1_score,0.8204713586934551
2004,250,validate,f1_score,0.8202109625164814
2005,250,validate,accuracy,0.7026942843793802
2006,250,validate,precision,0.7023953544640696
2007,250,validate,recall,0.9855154464184678
2008,251,train,accuracy,0.6891499516069819
2009,251,train,precision,0.6889386296061203
2010,251,train,recall,0.9998545454545454
2011,251,train,f1_score,0.8157759405039755
2012,251,validate,f1_score,0.8154300479881875
2013,251,validate,accuracy,0.6885220370658776
2014,251,validate,precision,0.6884300740163615
2015,251,validate,recall,0.9998868394251442
2016,252,train,accuracy,0.7041350999566132
2017,252,train,precision,0.7057382785164451
2018,252,train,recall,0.9779393939393939
2019,252,train,f1_score,0.8198353825830709
2020,252,validate,f1_score,0.8187938554902332
2021,252,validate,accuracy,0.702382806416446
2022,252,validate,precision,0.704610363117095
2023,252,validate,recall,0.9771415638791445
2024,253,train,accuracy,0.7041017254614024
2025,253,train,precision,0.7068425681618293
2026,253,train,recall,0.9741575757575758
2027,253,train,f1_score,0.8192456676860347
2028,253,validate,f1_score,0.8179873556115417
2029,253,validate,accuracy,0.7018377199813113
2030,253,validate,precision,0.7052459016393443
2031,253,validate,recall,0.9736335860586172
2032,254,train,accuracy,0.7026666221673398
2033,254,train,precision,0.7063693369971112
2034,254,train,recall,0.972169696969697
2035,254,train,f1_score,0.8182244802187264
2036,254,validate,f1_score,0.8182683158896289
2037,254,validate,accuracy,0.702538545397913
2038,254,validate,precision,0.7059016662562587
2039,254,validate,recall,0.9731809437591943
2040,255,train,accuracy,0.7026666221673398
2041,255,train,precision,0.7063547978018881
2042,255,train,recall,0.9722181818181819
2043,255,train,f1_score,0.8182318976598046
2044,255,validate,f1_score,0.8182683158896289
2045,255,validate,accuracy,0.702538545397913
2046,255,validate,precision,0.7059016662562587
2047,255,validate,recall,0.9731809437591943
2048,256,train,accuracy,0.7043019724326669
2049,256,train,precision,0.7046158127239208
2050,256,train,recall,0.9821575757575758
2051,256,train,f1_score,0.8205533276623325
2052,256,validate,f1_score,0.8208638187396742
2053,256,validate,accuracy,0.7044852826662513
2054,256,validate,precision,0.7041626174279235
2055,256,validate,recall,0.9839311983704877
2056,257,train,accuracy,0.7043019724326669
2057,257,train,precision,0.7046158127239208
2058,257,train,recall,0.9821575757575758
2059,257,train,f1_score,0.8205533276623325
2060,257,validate,f1_score,0.8208638187396742
2061,257,validate,accuracy,0.7044852826662513
2062,257,validate,precision,0.7041626174279235
2063,257,validate,recall,0.9839311983704877
2064,258,train,accuracy,0.6889830791309282
2065,258,train,precision,0.688836183858899
2066,258,train,recall,0.9998060606060606
2067,258,train,f1_score,0.815687980854809
2068,258,validate,f1_score,0.8154300479881875
2069,258,validate,accuracy,0.6885220370658776
2070,258,validate,precision,0.6884300740163615
2071,258,validate,recall,0.9998868394251442
2072,259,train,accuracy,0.7040683509661917
2073,259,train,precision,0.7057752887644382
2074,259,train,recall,0.9776484848484849
2075,259,train,f1_score,0.8197581054985263
2076,259,validate,f1_score,0.8188199582621893
2077,259,validate,accuracy,0.702538545397913
2078,259,validate,precision,0.7048256715930432
2079,259,validate,recall,0.9768020821545773
2080,260,train,accuracy,0.7038013550045056
2081,260,train,precision,0.7069244857706396
2082,260,train,recall,0.973139393939394
2083,260,train,f1_score,0.8189403676275578
2084,260,validate,f1_score,0.8180132198392697
2085,260,validate,accuracy,0.7019934589627784
2086,260,validate,precision,0.7054625984251969
2087,260,validate,recall,0.9732941043340501
2088,261,train,accuracy,0.7042352234422454
2089,261,train,precision,0.7070731964933281
2090,261,train,recall,0.9737212121212121
2091,261,train,f1_score,0.8192461450599657
2092,261,validate,f1_score,0.8181645268663813
2093,261,validate,accuracy,0.702227067434979
2094,261,validate,precision,0.7055687689658
2095,261,validate,recall,0.9735204254837615
2096,262,train,accuracy,0.7043687214230885
2097,262,train,precision,0.7071727877742174
2098,262,train,recall,0.9737212121212121
2099,262,train,f1_score,0.8193129895561357
2100,262,validate,f1_score,0.8182423435419441
2101,262,validate,accuracy,0.702382806416446
2102,262,validate,precision,0.7056845213682225
2103,262,validate,recall,0.9735204254837615
2104,263,train,accuracy,0.703734606014084
2105,263,train,precision,0.7050118665363675
2106,263,train,recall,0.9793939393939394
2107,263,train,f1_score,0.8198551048156341
2108,263,validate,f1_score,0.8202241876744075
2109,263,validate,accuracy,0.7040180657218502
2110,263,validate,precision,0.7046156346497643
2111,263,validate,recall,0.9812153445739504
